"DESCRIPTION","DURATION IN MS","NAME","PARENT SUITE","START TIME","STATUS","STOP TIME","SUB SUITE","SUITE","TEST CLASS","TEST METHOD"
"","2165","Вопрос FAQ №1: открывается соответствующий ответ","test","2026-10-05","passed","2026-10-05","TestFaq","test_faq","",""
"","2123","Вопрос FAQ №6: открывается соответствующий ответ","test","2026-10-05","passed","2026-10-05","TestFaq","test_faq","",""
"","1072","Логотип Самоката возвращает с заказа на главную страницу","test","2026-10-05","passed","2026-10-05","TestNavigation","test_navigation","",""
"","4800","Вопрос FAQ №5: открывается соответствующий ответ","test","2026-10-05","passed","2026-10-05","TestFaq","test_faq","",""
"","5531","Логотип Яндекса открывает главную Яндекса в новом окне","test","2026-10-05","passed","2026-10-05","TestNavigation","test_navigation","",""
"","2180","Вопрос FAQ №4: открывается соответствующий ответ","test","2026-10-05","passed","2026-10-05","TestFaq","test_faq","",""
"","6392","Успешный заказ самоката","test","2026-10-05","passed","2026-10-05","TestOrder","test_order","",""
"","2139","Вопрос FAQ №2: открывается соответствующий ответ","test","2026-10-05","passed","2026-10-05","TestFaq","test_faq","",""
"","2203","Вопрос FAQ №7: открывается соответствующий ответ","test","2026-10-05","passed","2026-10-05","TestFaq","test_faq","",""
"","1844","Вопрос FAQ №0: открывается соответствующий ответ","test","2026-10-05","passed","2026-10-05","TestFaq","test_faq","",""
"","3896","Успешный заказ самоката","test","2026-10-05","passed","2026-10-05","TestOrder","test_order","",""
"","2126","Вопрос FAQ №3: открывается соответствующий ответ","test","2026-10-05","passed","2026-10-05","TestFaq","test_faq","",""
